{
  "a_v2_vs_bm25_f1": {
    "mean_delta": 0.03479326975066543,
    "ci95": [
      0.028661553349667836,
      0.040876097660017256
    ],
    "resamples": 10000,
    "passed": true
  },
  "a_v2_vs_a_v1_f1": {
    "mean_delta": 0.01841140434105258,
    "ci95": [
      0.013472568748950657,
      0.023421360883672443
    ],
    "resamples": 10000,
    "passed": true
  },
  "a_v2_vs_no_rerank_f1": {
    "mean_delta": 0.0031368966042332877,
    "ci95": [
      -0.0009594690624841378,
      0.007106238262017156
    ],
    "resamples": 10000,
    "passed": false
  },
  "bootstrap_n": 10000,
  "passed": true,
  "stop_reasons": []
}