system,P@10,R@20,F1,hallucinated_or_out_of_pool,total_tokens,total_latency_s
keyword,0.0,0.02,0.0,,,
bm25,0.08,0.36,0.13,,,
embedding_lsa,0.0,0.15,0.0,,,
single_llm,0.05,0.27,0.08,0.0,40493.0,146.21951290010475
a_min,0.060000000000000005,0.39,0.09333333333333334,0.0,2972.0,25.174726700061
